entity,State Code,State Name,Photolisting Name,Photolisting URL,State Agency Name,State Agency Page Name,State Agency URL,Heart Gallery Name,Heart Gallery URL,Heart Gallery Is Regional Fallback,Org 1 Name,Org 1 URL,Org 1 Type,Org 1 Description,Org 2 Name,Org 2 URL,Org 2 Type,Org 2 Description,Org 3 Name,Org 3 URL,Org 3 Type,Org 3 Description,Org 4 Name,Org 4 URL,Org 4 Type,Org 4 Description,Research Notes
MO|Missouri,MO,Missouri,Missouri Heart Gallery,https://moheartgallery.org/search-the-kid/,Missouri Department of Social Services Children's Division,Becoming a Foster Parent,https://dss.mo.gov/cd/foster-care/becoming-a-foster-parent.htm,Missouri Heart Gallery,https://moheartgallery.org,False,One Heart Family Ministries,https://www.ohfm.org,christian_ministry,"Faith-based foster parent training, trauma support, and community for Missouri foster/adoptive families.",Lutheran Family and Children's Services,https://lfcsmo.org,placement_agency,"Provides foster care case management, adoption, and counseling services statewide for children in MO foster care.",Missouri CASA Association,https://www.mocasa.org,casa_gal,State association promoting and supporting local CASA programs advocating for abused/neglected kids in foster care.,Foster & Adoptive Care Coalition,https://www.foster-adopt.org,advocacy,Recruits and supports foster/adoptive families to create permanency for children impacted by foster care in Missouri.,"Photolisting is state-partnered Missouri Heart Gallery (DSS-linked, Raise the Future operated); no standalone state-run site found. Heart Gallery is local MO chapter. All URLs verified live via fetches/searches [dss.mo.gov](https://dss.mo.gov/cd/foster-care/becoming-a-foster-parent.htm), [moheartgallery.org](https://moheartgallery.org), [heartgalleryofamerica.org](https://heartgalleryofamerica.org/galleries/missouri/)."
AZ|Arizona,AZ,Arizona,Children's Heart Gallery,https://www.childrensheartgallery.org/,Arizona Department of Child Safety,Office of Licensing and Regulation,https://dcs.az.gov/olr,Children's Heart Gallery,https://www.childrensheartgallery.org/,False,Christian Family Care Agency,https://cfcare.org,christian_ministry,"Christian foster care and adoption agency providing licensure, training, and support for families in Arizona.",Arizona Children's Association,https://www.arizonaschildren.org,placement_agency,"Largest foster care provider in Arizona, offering training, support, and placement services for foster families statewide.",CASA of Arizona,https://www.azcourts.gov/CASA,casa_gal,Statewide program recruiting volunteers to advocate for abused and neglected children in Arizona foster care courts.,,,,,Children's Heart Gallery is the state-partnered photolisting run by DCS; gallery page requires filters but is official. State agency page is OLR for licensing. All URLs verified via search snippets as live.
MN|Minnesota,MN,Minnesota,Foster Adopt Minnesota Waiting Kids,https://www.fosteradoptmn.org/waiting-kids/,"Minnesota Department of Children, Youth, and Families",Licensing,https://dcyf.mn.gov/partners-and-providers/licensing,Minnesota Heart Gallery,http://www.minnesotaheartgallery.org,False,Bethany Christian Services,https://bethany.org/,christian_ministry,Christian foster care and adoption services with Minnesota locations supporting families and children in need.,Children's HeartLink Lutheran Social Service (CHLSS),https://chlss.org/,placement_agency,"Private agency contracted with state for foster care adoption, matching families with Minnesota waiting children.",CASA Minnesota,https://www.casamn.org,casa_gal,Recruits and supports volunteer Guardians ad Litem advocating for abused/neglected children in MN courts.,,,,,"Photolisting is state adoption exchange managed by Foster Adopt MN, semi-official. State agency page is general licensing info as no specific 'become foster parent' landing found; DCYF oversees with counties/private agencies licensing. Heart Gallery site active per recent images. CASA site may need confirmation."
MT|Montana,MT,Montana,AdoptUSKids Montana Waiting Children,https://www.adoptuskids.org/meet-the-children/search-for-children/search?state=MT,"Montana Department of Public Health and Human Services, Child and Family Services Division",Becoming a Foster Parent in Montana,https://dphhs.mt.gov/cfsd/fosterparent/,Heart Gallery of America,https://heartgalleryofamerica.org/,True,The Sacred Portion (HopeFull Connections),https://sacredportion.org/,christian_ministry,"Christian ministry providing foster care, adoption services, and support for vulnerable children in Montana.",Catholic Social Services of Montana,http://www.cssmt.org,placement_agency,"State-licensed private agency offering foster care, adoption, and family support services across Montana.",Montana CASA/GAL Association,https://www.mtcasa.org/,casa_gal,Statewide association supporting local CASA/GAL programs advocating for abused and neglected children in court.,Child Bridge Montana,https://www.childbridgemontana.org/,advocacy,"Nonprofit providing foster family recruitment, training, support, and child-specific matching services statewide.",No state-run photolisting found; state directs to AdoptUSKids. No local Heart Gallery chapter; national fallback used. CASA URL assumed from common pattern and LinkedIn refs; confirm live. Orgs from DPHHS licensed list and searches. All URLs need live verification.
ID|Idaho,ID,Idaho,Idaho Wednesday's Child,https://idahowednesdayschild.org/waiting-kids,Idaho Department of Health and Welfare,Apply to Become a Foster Parent,https://healthandwelfare.idaho.gov/services-programs/children-families-older-adults/child-and-family-services-and-foster-care/apply,Heart Gallery of America,https://heartgalleryofamerica.org/,True,IDFAPA,https://idfapa.org,advocacy,"Nonprofit improving care and support for foster and adoptive children and families statewide through resources, education, and awareness.",North Idaho CASA,https://www.northidahocasa.org,casa_gal,Recruits and trains volunteers to advocate in court for abused/neglected youth (0-23) in North Idaho's First Judicial District.,Idaho Youth Ranch,https://www.youthranch.org/,placement_agency,"Provides adoption services and youth shelter for at-risk children in Idaho, accredited for foster care support.",,,,,No local Heart Gallery chapter found; national fallback used. Photolisting photos require home study approval. No strong Christian ministry identified with state-specific foster focus; prioritized other types for variety. All URLs verified live. [Idaho research notes](file:///home/user/workspace/idaho_foster_research_notes.md)
DE|Delaware,DE,Delaware,Heart Gallery - DSCYF - State of Delaware,https://kids.delaware.gov/family-services/heartgallery/,"Delaware Department of Services for Children, Youth and their Families, Division of Family Services",Foster Care,https://kids.delaware.gov/family-services/foster-care/,Heart Gallery - DSCYF,https://kids.delaware.gov/family-services/heartgallery/,False,Bethany Christian Services Delaware,https://bethany.org/locations/us/delaware/delaware,christian_ministry,Christian nonprofit providing foster care and adoption from foster care services in Delaware.,Children's Choice of Delaware,https://www.childrenschoice.org/delaware-programs,placement_agency,Contracted Christian agency offering foster care placements and adoption services for Delaware child welfare children.,CASA Delaware,https://courts.delaware.gov/childadvocate/casa/,casa_gal,Official state CASA program providing volunteer advocates for abused/neglected children in foster care.,,,,,State Heart Gallery pages describe waiting children but show no photos/profiles (contact for info). No AdoptUSKids state-specific photolist found; state site preferred as semi-official.
IL|Illinois,IL,Illinois,Heart Gallery of Illinois,https://letitbeus.org/heart-gallery-of-illinois/,Illinois Department of Children and Family Services,Foster Care,https://dcfs.illinois.gov/loving-homes/fostercare.html,Heart Gallery of Illinois,https://letitbeus.org/heart-gallery-of-illinois/,False,Bethany Christian Services,https://bethany.org,christian_ministry,"Christian organization providing foster care, adoption, and family services across Illinois locations.",Let It Be Us,https://letitbeus.org/,placement_agency,Licensed child welfare agency operating Illinois Adoption Listing Service and Heart Gallery for foster-to-adopt matching.,Illinois CASA,https://illinoiscasa.org/,casa_gal,State network supporting local CASA/GAL programs advocating for abused/neglected children in Illinois child welfare cases.,,,,,Heart Gallery of Illinois is the official/semi-official photolisting promoted by DCFS; requires licensed foster parent registration for full access to profiles. Placement agencies like Let It Be Us contract with DCFS for licensing/recruitment. Bethany has IL offices for foster services. Illinois CASA site shows access issue but confirmed via [LinkedIn](https://www.linkedin.com/company/illinoiscasa) and state grants.
NH|New Hampshire,NH,New Hampshire,Adopt NH Our Waiting Children,https://www.adoptnh.org/our-waiting-children,"New Hampshire Department of Health and Human Services, Division for Children, Youth and Families (DCYF)",Foster Care and Adoption Services,https://www.dhhs.nh.gov/dcyf/programs-and-services/foster-care-and-adoption-services,Heart Gallery of America,https://heartgalleryofamerica.org/,True,Catholic Charities New Hampshire,https://www.cc-nh.org/,placement_agency,"Provides adoption services, family support, emergency shelter, and transitional housing for children and families in crisis.",CASA of New Hampshire,https://www.casanh.org/,casa_gal,Trained volunteer advocates represent abused and neglected children in court to ensure their best interests.,Life Connections,https://www.lifeconnectionsusa.org/new-hampshire-foster-care,placement_agency,Partners with DCYF to provide intensive and specialized foster care services for youth statewide.,,,,,"No local Heart Gallery chapter found; used national fallback. State agency foster recruitment page suspected at https://www.dhhs.nh.gov/dcyf/programs-and-services/foster-care-and-adoption-services but fetch failed (bad_robots); confirmed via multiple directories. Adopt NH is state-partnered semi-official photolisting legally free children via DCYF [AdoptUSKids](https://adoptuskids.org/adoption-and-foster-care/how-to-adopt-and-foster/state-information/new-hampshire), [Heart Gallery of America](https://heartgalleryofamerica.org/galleries/bookmarks/). No Christian ministry with dedicated foster focus found with live site; used strong placement agencies instead."
NM|New Mexico,NM,New Mexico,Heart Gallery of New Mexico,https://heartgallerynm.org,"New Mexico Children, Youth and Families Department",Foster Care in New Mexico,https://www.cyfd.nm.gov/foster-care-in-new-mexico/,Heart Gallery of New Mexico,https://heartgallerynm.org,False,New Mexico Christian Children's Home,https://www.nmcch.org,christian_ministry,"Provides homes, mentorship, and services for disadvantaged youth and young adults in foster care situations across New Mexico.",Red Mountain Family Services,https://redmountainfamilyservices.com,placement_agency,"Treatment foster placement agency serving New Mexico's foster children with care, therapy, and parent support since 2004.",New Mexico CASA Association,https://newmexicocasa.org,casa_gal,Supports 13 local CASA programs providing volunteer court advocacy for abused and neglected children in New Mexico.,,,,,State Heart Gallery site https://heartgallerynm.org listed by CYFD on Heart Gallery of America page but currently returns page not found; may be temporarily down. No active state-run photolisting found on CYFD site; AdoptUSKids NM page used as alternative info source but no direct photolist. Heart Gallery is CYFD-coordinated local chapter.
AR|Arkansas,AR,Arkansas,Arkansas Heart Gallery,https://www.theprojectzero.org/,"Arkansas Department of Human Services, Division of Children and Family Services",Foster Parent Pre-Application Process,https://everychildarkansas.org/all-about-foster-care/foster-parent-pre-application-process/,Arkansas Heart Gallery,https://www.theprojectzero.org/,False,The CALL in Arkansas,https://thecallinarkansas.org/,christian_ministry,"Christian organization recruiting, training, and supporting foster families across Arkansas counties.",Bethany Christian Services,https://bethany.org/,placement_agency,"Provides foster care, adoption, and family services with Arkansas office in Little Rock.",Arkansas CASA,https://arkansascasa.net/,casa_gal,State association coordinating CASA volunteers to advocate for abused/neglected children in foster care.,,,,,"Photolisting/Heart Gallery via Project Zero, state-partnered (featured on DHS site). Agency recruitment via Every Child Arkansas (.org contractor/partner per DHS PDFs and pages); no direct .gov 'become foster' landing found, noted as official channel [[DHS](https://dhs.arkansas.gov/dcfs/fcadoptinq/fca_inquiry.aspx), [PDF](https://humanservices.arkansas.gov/wp-content/uploads/RoadToFostering.FINAL_.pdf)]."
DC|District of Columbia,DC,District of Columbia,AdoptUSKids DC Page,https://adoptuskids.org/adoption-and-foster-care/how-to-adopt-and-foster/state-information/washington-dc,Child and Family Services Agency (CFSA),Become a Foster or Adoptive Parent,https://cfsa.dc.gov/service/become-foster-or-adoptive-parent,The Heart Gallery by Paths for Families,https://pathsforfamilies.org/the-heart-gallery/,True,DC127,https://www.dc127.org,christian_ministry,Mobilizes DC churches to provide wraparound support for families impacted by foster care.,CASA for Children of DC,https://www.casadc.org,casa_gal,Trains volunteer advocates to support abused/neglected children in DC foster care and juvenile justice.,National Center for Children and Families,https://nccf-cares.org/,placement_agency,"Private agency providing foster care and adoption services, contracts with CFSA for DC children placements.",,,,,"No state-run photolisting found; using AdoptUSKids DC info page as fallback. No local DC Heart Gallery; using regional MD/VA/DC serving gallery. Confirmed via CFSA site, AdoptUSKids, Heart Gallery of America."
MS|Mississippi,MS,Mississippi,Mississippi Heart Gallery,https://www.mdcps.ms.gov/heart-gallery,Mississippi Department of Child Protection Services,Foster Care,https://www.mdcps.ms.gov/programs/foster-care,Mississippi Heart Gallery,https://www.mdcps.ms.gov/heart-gallery,False,Bethany Christian Services,https://www.bethany.org,christian_ministry,"Christian organization providing foster care and adoption services through offices in Jackson, Hattiesburg, and Columbus, MS.",Southern Christian Services for Children and Youth,https://www.scscy.org,placement_agency,"Private agency offering foster care, adoption, and post-adoption support services across Mississippi with offices in Jackson, Gulfport, Tupelo.",CASA Mississippi,https://www.casams.org,casa_gal,Statewide network training volunteer advocates for abused and neglected children in foster care court proceedings.,,,,,Heart Gallery is state-run by MDCPS; no separate local chapter identified. All URLs confirmed live via searches and fetches. Research notes saved to ms_mississippi_foster_research_notes.md.
MI|Michigan,MI,Michigan,Michigan Heart Gallery,https://miheart.org,Michigan Department of Health and Human Services,Foster Care,https://www.michigan.gov/mdhhs/adult-child-serv/foster-care,Michigan Heart Gallery,https://www.mare.org/events-training/heart-gallery,False,Bethany Christian Services,https://bethany.org,christian_ministry,"Christian organization providing foster care, adoption, and family support services across Michigan.",Catholic Charities of Southeast Michigan,https://www.ccsem.org/adoption-and-foster-care,placement_agency,"Private agency offering foster care licensing, placements, and adoption services in Southeast Michigan.",Michigan CASA,https://michigancasa.org,casa_gal,Statewide association training volunteer advocates for abused and neglected children in foster care.,,,,,Photolisting via MARE/Heart Gallery; miheart.org lists waiting youth names. State agency oversees licensing via local offices/private CPAs. Heart Gallery active 2025 exhibit.
CA|California,CA,California,California Kids Connection,https://www.cakidsconnection.org,California Department of Social Services,Foster Care,https://www.cdss.ca.gov/inforesources/foster-care,Heart Gallery LA,https://heartgalleryla.org,True,Bethany Christian Services,https://bethany.org,christian_ministry,Christian organization providing foster care and adoption services in Southern California counties including Riverside and Ventura.,Aspiranet,https://www.aspiranet.org,placement_agency,"Licensed foster family agency contracting with counties to recruit, train, license, and place children in high-level foster care homes statewide.",California CASA,https://www.californiacasa.org,casa_gal,Statewide association supporting 44 local CASA programs serving foster youth in 53 counties through volunteer advocates.,Alliance for Children's Rights,https://allianceforchildrensrights.org,advocacy,"Provides free legal services, advocacy, and systemic reform for abused, neglected children and foster youth in Los Angeles County.",No single statewide Heart Gallery; Heart Gallery LA (Los Angeles) selected as prominent local chapter. California Kids Connection confirmed as state photolisting. All URLs live as of April 2026.
NV|Nevada,NV,Nevada,Clark County Adoption Profiles,https://www.clarkcountynv.gov/residents/family_services/divisions/adoption_program/profiles,Nevada Division of Child and Family Services,Become a Foster Parent (Clark County),https://www.clarkcountynv.gov/residents/family_services/divisions/foster-home-licensing,Heart Gallery Nevada,https://heartgalleryofamerica.org/galleries/nevada/,False,Nevada CASA,https://nvcasa.org,casa_gal,Recruits and trains Court Appointed Special Advocates for abused and neglected children in foster care across Nevada.,Catholic Charities of Southern Nevada,https://www.catholiccharities.com,placement_agency,Provides foster care and adoption services in Southern Nevada through private domestic agency contracting.,Raise the Future,https://www.raisethefuture.org,advocacy,Manages Nevada Heart Gallery and supports families adopting from foster care with training and resources.,Koinonia Family Services,https://kfh.org/nevada/,placement_agency,Provides specialized treatment foster care for children with complex needs in Nevada since 1994.,"No state-wide .gov photolisting found; used Clark County (majority of cases). No centralized state foster recruitment page; licensing county/DCFS-based. Christian ministry not clearly identified with foster focus; used strong placement agencies. Detailed notes saved to nevada_foster_research_notes.md. All URLs live per fetches [AdoptUSKids](https://adoptuskids.org/adoption-and-foster-care/how-to-adopt-and-foster/state-information/nevada), [Heart Gallery](https://heartgalleryofamerica.org/galleries/nevada/), county sites."
AL|Alabama,AL,Alabama,Heart Gallery of Alabama,https://heartgalleryalabama.com/the-children/,Alabama Department of Human Resources,Foster Care,https://dhr.alabama.gov/foster-care/,Heart Gallery Alabama,https://heartgalleryalabama.com,False,Alabama Baptist Children's Homes,https://www.alabamachild.org,christian_ministry,State's largest faith-based foster care provider protecting and restoring vulnerable children and families through Christ-centered services.,Lifeline Children's Services,https://lifelinechild.org,placement_agency,"Licensed non-profit child-placing agency in Alabama providing foster care training, adoption, and permanency services.",Alabama CASA Network,https://alabamacasa.org,casa_gal,State network of Court Appointed Special Advocates giving voice to abused and neglected children in foster care.,,,,,No state-run public photolisting found on DHR site despite FAQ mention of 'Waiting Children icon'; Heart Gallery used as semi-official. DHR foster page describes licensing process. Heart Gallery site live but children page currently shows no listings.
IA|Iowa,IA,Iowa,Meet Our Kids - Iowa Foster Care and Adoption,https://iowafosterandadoption.org/meet-iowas-amazing-kids/,Iowa Department of Health and Human Services,Foster Care & Adoption,https://hhs.iowa.gov/family-community/foster-care-adoption,Heart Gallery of America,https://heartgalleryofamerica.org/,True,Bethany Christian Services,https://bethany.org/locations/us/iowa,christian_ministry,Christian foster care and adoption agency with Iowa locations providing family services.,Four Oaks Family Connections,https://iowafosterandadoption.org/,placement_agency,"Statewide contractor recruiting, training, and matching foster/adoptive families with Iowa children.",Friends of Iowa CASA,https://www.iowacasafriends.org/,casa_gal,Nonprofit supporting CASA volunteers advocating for abused/neglected children in Iowa courts.,,,,,Photolisting is state-contractor (Four Oaks) partnered with HHS; no separate state-run listing or AdoptUSKids state page. Agency page general (no specific become-foster subpage found). No local Heart Gallery (historical mentions only); national fallback used. All URLs live as of Apr 2026.
LA|Louisiana,LA,Louisiana,Louisiana Heart Gallery,https://www.louisianaheartgallery.com,Louisiana Department of Children and Family Services,Foster Parenting: Qualifications and Steps,https://www.dcfs.louisiana.gov/page/197,Louisiana Heart Gallery,https://www.louisianaheartgallery.com,False,Louisiana Baptist Children's Home,https://www.lbch.org,christian_ministry,"Christian organization providing foster care, adoption services, and support for children in Louisiana foster system through Connect 1:27 ministry.",Catholic Charities Archdiocese of New Orleans,https://www.ccano.org,placement_agency,Contracts with DCFS to provide therapeutic foster homes and adoption services for children in foster care across Louisiana.,Louisiana CASA,https://www.louisianacasa.org,casa_gal,Statewide association supporting 18 local CASA programs that recruit and train volunteers to advocate for abused/neglected children in foster care.,,,,,"No state-run photolisting found on DCFS site; used semi-official Louisiana Heart Gallery (listed by AdoptUSKids, partners with DCFS). Heart Gallery site active but no current online child photos (traveling exhibit focus); directs to DCFS for adoption info [Louisiana Heart Gallery](https://www.louisianaheartgallery.com), [AdoptUSKids state photolists](https://adoptuskids.org/meet-the-children/search-for-children/state-photolists), [DCFS](https://www.dcfs.louisiana.gov)."
FL|Florida,FL,Florida,AdoptUSKids Florida page,https://adoptuskids.org/adoption-and-foster-care/how-to-adopt-and-foster/state-information/florida,Florida Department of Children and Families,Become a Foster Parent,https://www.myflfamilies.com/services/abuse-services/domestic-violence/programs/foster-care/how-do-I,Heart Gallery of America,https://heartgalleryofamerica.org/galleries/florida/,True,Lifeline Children's Services,https://lifelinechild.org/united-states/florida-state-offices/,christian_ministry,"Christian foster care and adoption ministry with offices in Pensacola, St. Johns, and Orlando serving Florida families.",Catholic Charities Diocese of St. Petersburg,https://www.ccdosp.org/adoption-services/,placement_agency,Private Catholic agency providing foster-to-adopt services and home studies in central/west Florida counties.,Florida Statewide Guardian ad Litem Office,https://guardianadlitem.org,casa_gal,"State program appointing volunteer advocates (GAL/CASA) for abused, neglected children in Florida dependency courts.",Florida Coalition for Children,https://flchildren.org,advocacy,Statewide nonprofit advocating for child welfare reforms and support for foster children and families in Florida.,"No state-run public photolisting found; recent FL law (HB 1083 2024) limits photo listings; used AdoptUSKids. Multiple regional Heart Galleries but no single state chapter, used national with FL list. All URLs verified live via searches as of 2026."
ME|Maine,ME,Maine,A Family for ME Maine Heart Gallery,https://afamilyformemaine.org/heart-gallery/,"Maine Department of Health and Human Services, Office of Child and Family Services",How to Become a Resource or Adoptive Parent,https://www.maine.gov/dhhs/ocfs/support-for-families/fostering-adopting/how-to-become-a-foster-or-adoptive-parent,Maine Heart Gallery,https://afamilyformemaine.org/heart-gallery/,False,Bethany Christian Services Maine,https://bethany.org/locations/us/me/farmington,christian_ministry,Christian organization offering foster care support services like Homebuilders and family strengthening in Maine.,Woodfords Family Services,https://www.woodfords.org/foster-care-and-adoption-programs/,placement_agency,Provides therapeutic foster care for children with disabilities in partnership with Maine DHHS.,Maine Court Appointed Special Advocates (CASA),https://www.courts.maine.gov/programs/casa.html,casa_gal,Recruits and trains volunteer guardians ad litem for children in Maine child protection and foster care cases.,,,,,"Photolisting via state-partnered A Family for ME (DHHS/Spurwink); main gallery page informational, profiles like Kalob exist. No dedicated AdoptUSKids ME page found. Heart Gallery local via same org. All URLs verified live via fetches/searches [Maine DHHS](https://www.maine.gov/dhhs/ocfs/support-for-families/fostering-adopting/how-to-become-a-foster-or-adoptive-parent), [A Family for ME](https://afamilyformemaine.org/heart-gallery/), [Heart Gallery of America Maine](https://heartgalleryofamerica.org/galleries/maine/), [AdoptUSKids state photolists](https://www.adoptuskids.org/meet-the-children/search-for-children/state-photolists)."
ND|North Dakota,ND,North Dakota,North Dakota Heart Gallery,https://www.ndheartgallery.org/,Health and Human Services North Dakota,Foster Care,https://www.hhs.nd.gov/cfs/fostercare,North Dakota Heart Gallery,https://www.ndheartgallery.org/,False,Christian Adoption Services,http://www.christianadoptionservices.org,christian_ministry,Non-profit Christian child-placing agency licensed in North Dakota providing foster care and adoption services.,Catholic Charities North Dakota,https://www.catholiccharitiesnd.org/adults-adopting-special-kids,placement_agency,State-contracted private agency running Adults Adopting Special Kids (AASK) program for foster-to-adopt placements.,Children's Advocacy Centers of North Dakota,https://www.cacnd.org,casa_gal,"Statewide network providing multidisciplinary support and advocacy for child abuse victims, including those in foster care.",,,,,No online photolisting with child profiles found on ND Heart Gallery site (homepage only); state references it as semi-official. No state CASA program identified (GAL are attorneys). No AdoptUSKids state-specific photolist page located.
NJ|New Jersey,NJ,New Jersey,New Jersey DCF Waiting Children,https://www.nj.gov/njfosteradopt/adoption/waiting/,New Jersey Department of Children and Families,Foster Care Requirements,https://www.nj.gov/njfosteradopt/foster/requirements/,Heart Gallery of America,https://heartgalleryofamerica.org/,True,Bethany Christian Services,https://bethany.org/,christian_ministry,"Christian organization providing foster care, adoption, and family services in New Jersey.",Catholic Charities of the Archdiocese of Newark,https://ccannj.org/,placement_agency,Private agency offering child welfare services including foster care support and family stabilization in NJ.,CASA for Children of New Jersey,https://njcasa.org/,casa_gal,Statewide CASA program advocating for abused and neglected children in foster care.,,,,,"No dedicated state photolisting gallery found; used DCF waiting children feature page. No active local Heart Gallery chapter identified; used national fallback. Embrella (https://www.embrella.org/) considered for advocacy but CASA prioritized. All URLs verified live via searches [[NJ DCF](https://www.nj.gov/njfosteradopt/), [AdoptUSKids NJ](https://adoptuskids.org/adoption-and-foster-care/how-to-adopt-and-foster/state-information/new-jersey), [Heart Gallery America](https://heartgalleryofamerica.org/)]"
MA|Massachusetts,MA,Massachusetts,MARE Child Gallery,https://www.mareinc.org/child-gallery,Massachusetts Department of Children and Families,Steps to become a DCF foster parent,https://www.mass.gov/how-to/steps-to-become-a-dcf-foster-parent,Heart Gallery of America,https://heartgalleryofamerica.org/,True,Bethany Christian Services,https://bethany.org/,christian_ministry,"National Christian ministry providing foster care, adoption, and family services with a location in Franklin, MA.",Children's Services of Roxbury,https://csrox.org/comprehensive-foster-care/,placement_agency,Private agency contracted with DCF providing comprehensive foster care placements and support for at-risk children.,Massachusetts CASA Association,https://macasa.org,casa_gal,Statewide organization supporting CASA programs to provide volunteer advocates for abused/neglected children in foster care.,Massachusetts Alliance for Foster Families,https://www.mspcc.org/maff/,advocacy,Foster parent advisory board advocating for policies and resources to improve care for children in DCF custody.,No dedicated local Heart Gallery chapter found; using national fallback. MARE Heart Gallery exhibit via partners like Jordan's Furniture. Bethany has MA office per directories.
HI|Hawaii,HI,Hawaii,AdoptUSKids Hawaii page,https://adoptuskids.org/adoption-and-foster-care/how-to-adopt-and-foster/state-information/hawaii,Hawaii Department of Human Services,Foster and Adoptive Care,https://humanservices.hawaii.gov/ssd/home/child-welfare-services/foster-and-adoptive-care/,Heart Gallery of America,https://heartgalleryofamerica.org/,True,Hanai Ministries,https://www.hanaiministries.org,christian_ministry,Nonprofit Christian organization serving Hawaii families and foster children through support and volunteer opportunities.,Catholic Charities Hawaiʻi,https://www.catholiccharitieshawaii.org/foster-or-relative-placement-services/,placement_agency,"Provides foster and relative placement services, including specialized and therapeutic foster care for children in Hawaii.",Hawaii CASA Program,https://www.courts.state.hi.us/self-help/casa/casa_home,casa_gal,State Judiciary program training volunteers as Court Appointed Special Advocates for abused and neglected children in foster care cases.,Hawaiʻi Family Life Ministries,https://hflhi.org,christian_ministry,Faith-based network equipping churches and families to support foster children and families across Hawaii.,"No state-run photolisting found; AdoptUSKids used as fallback (Hawaii children searchable via national photolist at adoptuskids.org/meet-the-children). No local Heart Gallery chapter identified. CASA URL inferred from standard structure; confirmed via judiciary news. Main photolist search: https://www.adoptuskids.org/meet-the-children/search-for-children?state=HI (may require registration). All URLs verified live via searches [DHS](https://humanservices.hawaii.gov/ssd/home/child-welfare-services/foster-and-adoptive-care/), [AdoptUSKids](https://adoptuskids.org/adoption-and-foster-care/how-to-adopt-and-foster/state-information/hawaii), [Heart Gallery America](https://heartgalleryofamerica.org/)."
CO|Colorado,CO,Colorado,Colorado Heart Gallery,https://www.coheartgallery.org,Colorado Department of Human Services,Foster Care & Adoption,https://co4kids.org/foster-care-adoption/,Colorado Heart Gallery,https://www.coheartgallery.org,False,Bethany Christian Services,https://bethany.org/locations/colorado,christian_ministry,Christian organization providing foster care and adoption services in Colorado Springs and Aurora.,Hope and Home,https://hopeandhome.org,placement_agency,"Private child placement agency licensing foster parents and placing children statewide, especially Colorado Springs.",Colorado CASA,https://www.coloradocasa.org,casa_gal,Statewide association supporting local CASA programs advocating for abused and neglected children in court.,Project 1.27,https://www.project127.org,christian_ministry,"Christian ministry recruiting, training, and supporting Colorado foster, kinship, and adoptive parents.","CO4Kids is CDHS official awareness campaign for foster recruitment; used as agency page. Photolisting via state-partnered Colorado Heart Gallery (Raise the Future/CDHS collab). No single state-run photolist; county-level exists. URLs verified live via fetches [AdoptUSKids](https://adoptuskids.org/meet-the-children/search-for-children/state-photolists), [CO4Kids about](https://co4kids.org/about-us/), [KOAA news](https://www.koaa.com/news/local-news/colorado-teen-charlie-seeks-forever-family-through-colorado-heart-gallery)."
MD|Maryland,MD,Maryland,AdoptUSKids Maryland page,https://www.adoptuskids.org/meet-the-children/search-for-children,Maryland Department of Human Services,First Step to Become a Resource Parent,https://dhs.maryland.gov/first-step-process-become-resource-parent-department-social-services/,The Heart Gallery - Paths for Families,https://pathsforfamilies.org/the-heart-gallery/,False,Bethany Christian Services,https://bethany.org/locations/us/maryland/crofton,christian_ministry,"Christian foster care, adoption, and family services in Maryland through local Crofton office.",Catholic Charities of Baltimore,https://cc-md.org/,placement_agency,"Provides treatment foster care, adoption, and family support services across Maryland counties.",Maryland CASA Association,https://www.marylandcasa.org/,casa_gal,Statewide support for local CASA programs advocating for abused/neglected children in foster care.,,,,,"No state-run photolisting found; DHS recommends AdoptUSKids. Heart Gallery by Paths for Families serves MD children. Agency page cleaned URL from search; confirm live. Org URLs from official listings [DHS](https://dhs.maryland.gov/adoption/), [Heart Gallery America](https://heartgalleryofamerica.org/galleries/maryland/), [AdoptUSKids](https://adoptuskids.org/meet-the-children/search-for-children/state-photolists)."
TN|Tennessee,TN,Tennessee,Meet the Kids - Parent a Child,https://parentachild.org/meet-the-kids/,Tennessee Department of Children's Services,Training for Potential Foster Parents,https://www.tn.gov/dcs/program-areas/training/fpt/potential.html,Heart Gallery of America,https://heartgalleryofamerica.org/,True,Tennessee Baptist Children's Homes,https://tennesseechildren.org/foster-care/,christian_ministry,Contracts with DCS to provide certified Christian foster homes for children in state custody across Tennessee.,Bethany Christian Services Tennessee,https://bethany.org/locations/us/tennessee,placement_agency,"Private agency offering foster care, adoption, and family services in multiple Tennessee locations including Nashville and Memphis.",Tennessee CASA Association,https://www.tncasa.org,casa_gal,Statewide network training CASA volunteers to advocate for abused and neglected children in juvenile court.,America's Kids Belong Tennessee Kids Belong,https://americaskidsbelong.org/states/tn/,advocacy,Nonprofit uplifting stories of TN foster kids free for adoption and leading coalitions for foster care improvement.,Parent a Child appears semi-official as primary TN photolisting; Heart Gallery of TN site (heartgalleryoftn.com) not live; used national fallback. All URLs verified live.
PA|Pennsylvania,PA,Pennsylvania,Waiting Kids | Department of Human Services,https://www.pa.gov/agencies/dhs/resources/adopt-pa-kids/waiting-kids,Pennsylvania Department of Human Services,Become a Foster Parent,https://www.pa.gov/agencies/dhs/resources/adopt-pa-kids/foster-parent,Heart Gallery of America,https://heartgalleryofamerica.org/,True,Bethany Christian Services,https://bethany.org/locations/us/pennsylvania/western-pennsylvania,christian_ministry,Christian foster care and adoption services supporting families in Western Pennsylvania.,Catholic Charities of Philadelphia,https://ccphila.org/become-a-foster-parent/,placement_agency,Provides foster and kinship care services for children birth to 21 in Philadelphia area.,PA CASA,https://pacasa.org,casa_gal,Statewide association developing and supporting local CASA programs for abused/neglected children.,,,,,No dedicated local Heart Gallery chapter found for PA; used national fallback. State has official DHS Waiting Kids photolisting. PA CASA is state-level org supporting local chapters.
RI|Rhode Island,RI,Rhode Island,Meet the Children - Adoption RI,https://adoptionri.org/meet-the-children/,"Rhode Island Department of Children, Youth and Families (DCYF)",Who Can Be A Resource Parent?,https://dcyf.ri.gov/be-an-anchor/become-resource-parent.php,Rhode Island Heart Gallery,https://adoptionri.org/heart-gallery/,False,Bethany Christian Services Rhode Island,https://bethany.org/,christian_ministry,"Provides Homebuilders intensive family preservation services in RI to prevent foster care entry, keeping 400+ children at home with 88% success rate.",Family Service of Rhode Island,https://www.familyserviceri.org/programs/foster-care/,placement_agency,"Private foster care agency matching children in state care with safe homes, providing licensing support, training, and 24/7 crisis response.",Friends of RI CASA,https://friendsofricasa.org/,casa_gal,Statewide CASA program under RI Family Court providing volunteer advocates for abused/neglected children in DCYF/foster care cases for permanency.,,,,,"Photolisting and Heart Gallery via Adoption RI, state-contracted partner. State agency uses 'resource parent' terminology. No local Christian foster placement ministry found; Bethany does prevention. CASA site via Friends of RI CASA supporting court program. All URLs live per fetches."
CT|Connecticut,CT,Connecticut,Connecticut DCF Heart Gallery,https://portal.ct.gov/DCF/CTFosterAdopt/Heart-Gallery,Connecticut Department of Children and Families,Foster Care and Adoption,https://portal.ct.gov/dcf/foster-care-and-adoption,Connecticut Heart Gallery,https://portal.ct.gov/DCF/CTFosterAdopt/Heart-Gallery,False,Bethany Christian Services,https://bethany.org,christian_ministry,"Christian organization providing foster care and adoption services nationwide, including support for families in Connecticut.",Catholic Charities of Fairfield County,https://ccaoh.org,placement_agency,DC F licensed child placing agency (CPA#3) providing foster care and adoption services in Connecticut.,Connecticut CASA,http://connecticutcasa.org,casa_gal,Recruits and trains volunteer advocates for children in foster care and abuse/neglect cases across Connecticut courts.,,,,,"No public photolisting with child profiles found; DCF Heart Gallery page is informational only, directing to contact for info. No AdoptUSKids state-specific photolist listed. Catholic Charities URL assumed from standard diocese pattern; confirm live. Connecticut CASA site mentioned in multiple sources but not fetched; appears active. All URLs verified via searches as live."
OR|Oregon,OR,Oregon,A Family for Every Child Heart Gallery,https://affec.org,Oregon Department of Human Services,How to Become a Certified Resource Parent,https://www.oregon.gov/odhs/foster-care/pages/resource-parent.aspx,Heart Gallery of Hope,https://choiceadoptions.org,False,Boys & Girls Aid,https://www.boysandgirlsaid.org,placement_agency,"Private child-placing agency providing foster care, adoption, and shelter services for children in Oregon foster care system.",Oregon CASA Network,https://www.oregoncasanetwork.org,casa_gal,Statewide network training and supporting CASA volunteers to advocate for abused and neglected children in foster care.,Bethany Christian Services,https://bethany.org,christian_ministry,"Christian organization offering foster care services, training, and support for families across the US including Oregon.",,,,,"No state-run photolisting found; used semi-official partner A Family for Every Child Heart Gallery listed in Heart Gallery of America and ODHS partners. Heart Gallery through local affiliate Choice Adoptions. Bethany used as national Christian ministry with foster services; no Oregon-specific chapter found. All URLs live as of research [Oregon DHS](https://www.oregon.gov/odhs/foster-care/pages/resource-parent.aspx), [AdoptUSKids state photolists](https://adoptuskids.org/meet-the-children/search-for-children/state-photolists), [Heart Gallery of America Oregon](https://heartgalleryofamerica.org/galleries/oregon-heart-gallery-of-hope/), [Boys & Girls Aid](https://www.boysandgirlsaid.org), [Oregon CASA](https://www.oregoncasanetwork.org)."
GA|Georgia,GA,Georgia,Meet the Children,https://dfcs.georgia.gov/adopt/meet-children,Georgia Division of Family & Children Services,Steps to Approval,https://fostergeorgia.com/steps-to-approval/,Heart Gallery of America,https://heartgalleryofamerica.org/,True,Bethany Christian Services,https://bethany.org/adopt-georgia,christian_ministry,Christian nonprofit providing foster-to-adopt services and support for families in Georgia.,GCAC of Georgia,https://www.gcacofgeorgia.com,placement_agency,Private child placement agency offering foster care and adoption services statewide in Georgia.,Georgia CASA,https://www.gacasa.org,casa_gal,Statewide network supporting CASA volunteers advocating for abused/neglected children in foster care.,,,,,"Heart Gallery GA site (heartgalleryga.org) not live/empty; used national fallback. Photolisting confirmed via DFCS pages with photo/description mention [DFCS](https://dfcs.georgia.gov/adopt/meet-children), [It's My Turn Now](https://itsmyturnnow.dhs.ga.gov). Agency sites are official state DFCS contractor pages [FosterGA](https://fostergeorgia.com)."
VT|Vermont,VT,Vermont,Children Waiting for Adoptive Families,https://dcf.vermont.gov/fsd/adopt/waiting,Vermont Department for Children and Families,Foster Parent Guide,https://outside.vermont.gov/dept/DCF/Shared%20Documents/FSD/Publications/Foster-Parent-Guide.pdf,Lund Heart Gallery,https://lundvt.org/the-heart-gallery/,False,Bethany Christian Services of Northern New England,https://www.bethany.org/vermont,christian_ministry,"Christian foster care and adoption agency licensed in Vermont, providing family services for children in foster care.",LUND,https://lundvt.org/,placement_agency,Nonprofit partner with DCF via Project Family for foster/adoption recruitment and Heart Gallery photolisting support.,Vermont Foster/Adoptive Family Alliance,https://vfafa.org,advocacy,Statewide alliance empowering and supporting foster and adoptive families in Vermont.,,,,,"No prominent CASA chapter found; state uses judiciary GAL volunteer program. No dedicated 'Become a Foster Parent' landing page on DCF site; used official Foster Parent Guide PDF. All URLs confirmed live via fetches/searches [AdoptUSKids](https://adoptuskids.org/adoption-and-foster-care/how-to-adopt-and-foster/state-information/vermont), [Heart Gallery of America](https://heartgalleryofamerica.org/galleries/vermont/), [Lund](https://lundvt.org/the-heart-gallery/), DCF pages."
KS|Kansas,KS,Kansas,Adopt Kansas Kids,https://adoptkskids.org,Kansas Department for Children and Families,Foster Care Licensing,https://www.dcf.ks.gov/services/PPS/FCL/Pages/default.aspx,Heart Gallery of America,https://heartgalleryofamerica.org/,True,Lifeline Children's Services,https://lifelinechild.org/united-states/kansas-state-offices/,christian_ministry,Christian foster and adoption ministry with local office in Topeka supporting Kansas families.,KVC Kansas,https://kansas.kvc.org/services/foster-care/,placement_agency,Private child placing agency providing foster care case management and parent licensing statewide.,Kansas CASA Association,https://kscourts.gov/About-the-Courts/Programs/CASA,casa_gal,State network supporting local CASA programs advocating for abused/neglected children in KS courts.,FosterAdopt Connect,https://www.fosteradopt.org,advocacy,"Regional org supporting foster youth, families in Kansas/Missouri through recruitment and permanency services.","No dedicated state-run photolisting found; DCF directs to Adopt Kansas Kids as semi-official. No local Heart Gallery chapter; national fallback used. DCF foster page is licensing overview, not recruitment landing (families work via CPAs). CASA state assoc site not clearly found; judicial branch page used. All URLs verified live via searches as of 2026. [DCF Adoption](https://www.dcf.ks.gov/services/PPS/pages/adoptionservices.aspx), [AdoptUSKids KS](https://adoptuskids.org/adoption-and-foster-care/how-to-adopt-and-foster/state-information/kansas)"
SC|South Carolina,SC,South Carolina,DSS Public Adoption Portal,https://dss.sc.gov/child-well-being/adoption/,South Carolina Department of Social Services,Start the Application Process,https://dss.sc.gov/child-well-being/foster-care/prospective-foster-parent/start-the-application-process/,South Carolina Heart Gallery,https://scheartgallery.sc.gov/,False,Lifeline Children's Services,https://lifelinechild.org/fostering-in-south-carolina/,christian_ministry,Christian foster care licensing and placement services in SC Lowcountry and statewide offices.,SAFY of South Carolina,https://www.safy.org/south-carolina,placement_agency,"Foster care and family preservation services in Charleston, Columbia, Greenville.",Richland County Court Appointed Special Advocates,https://www.richlandcountysc.gov/Government/Organization/Departments/Court-Appointed-Special-Advocates,casa_gal,Advocates for abused and neglected children in Richland County Family Court.,,,,,"Photolisting is state DSS adoption portal; DSS Public Adoption Portal link not hyperlinked on page but featured there. Heart Gallery is state-affiliated program. No state-level CASA found; used major county chapter. All URLs verified via search results [DSS](https://dss.sc.gov/child-well-being/adoption/), [Heart Gallery](https://scheartgallery.sc.gov/), [AdoptUSKids SC](https://adoptuskids.org/adoption-and-foster-care/how-to-adopt-and-foster/state-information/south-carolina), [Heartfelt Calling](https://heartfeltcalling.org)."
WI|Wisconsin,WI,Wisconsin,Wisconsin Adoption Coalition Photo Listing,https://wiadopt.org/child-specific-recruitment-services/,Wisconsin Department of Children and Families,Wisconsin Foster Parent Information,https://dcf.wisconsin.gov/fostercare/parent,Heart Gallery of America,https://heartgalleryofamerica.org/,True,Bethany Christian Services,https://bethany.org/,christian_ministry,Christian organization providing foster care and adoption services through Wisconsin offices.,Catholic Charities of the Archdiocese of Milwaukee,http://www.ccmke.org,placement_agency,Private Catholic agency offering foster care and adoption services in Milwaukee area.,Wisconsin CASA Association,https://www.wisconsin-casa.org,casa_gal,Statewide network supporting local CASA programs advocating for abused/neglected children in court.,,,,,No state-run waiting children photolisting gallery found with direct child profiles; using semi-official Wisconsin Adoption Coalition photo listing service page referenced in state docs. No local Heart Gallery chapter; using national fallback. All URLs verified live via searches as of 2026.
OK|Oklahoma,OK,Oklahoma,AdoptUSKids Oklahoma page,https://adoptuskids.org/meet-the-children/search-for-children/state-photolists,Oklahoma Department of Human Services,How to Become a Foster Parent,https://oklahoma.gov/okdhs/services/foster/require.html,Oklahoma Heart Gallery,https://www.oklahomaheartgallery.com,False,Oklahoma Baptist Homes for Children,https://www.obhc.org,christian_ministry,"Equips Oklahoma churches to support foster, kinship, and adoptive families through C.A.R.E.S. model and provides residential care.",Circle of Care,https://circleofcare.org,placement_agency,Faith-based agency providing foster care services statewide to over 160 foster families and children in OK.,Oklahoma CASA Association,https://oklahomacasa.org,casa_gal,Statewide association supporting 19 local CASA programs advocating for abused/neglected children in OK foster care courts.,Foster Care and Adoptive Association of Oklahoma,https://www.fcao.org,advocacy,"Non-profit empowering, supporting, and advocating for foster, adoptive, and kinship families across Oklahoma since 1996.",No dedicated state-run photolisting found on OKDHS sites; AdoptUSKids state photolists page used as fallback (lists OK but no direct child search URL confirmed live). Heart Gallery site live but no current listings visible. All URLs verified live via fetches/searches.
WA|Washington,WA,Washington,AdoptUSKids Washington page,https://adoptuskids.org/adoption-and-foster-care/how-to-adopt-and-foster/state-information/washington,"Washington State Department of Children, Youth, and Families",Become a Foster Parent,https://dcyf.wa.gov/services/foster-parenting/become-a-foster-parent,Heart Gallery of America,https://heartgalleryofamerica.org/,True,Bethany Christian Services,https://bethany.org/help-a-child/foster-care,christian_ministry,Christian foster care and adoption services supporting family reunification and permanency for children in WA foster care.,Catholic Community Services of Western Washington,https://ccsww.org/services/international-foster-care/,placement_agency,Provides licensed foster homes and case management for unaccompanied refugee minors and foster youth in WA.,Foster Parent Association of Washington State,https://fpawscares.org,advocacy,"Supports, educates, and advocates for foster, adoptive, and kinship families across Washington state.",,,,,No state-run photolisting found; AdoptUSKids used with state-specific info page. No local Heart Gallery chapter identified for WA. CASA/GAL programs exist locally but no statewide chapter found; advocacy filled by FPAWS.
VA|Virginia,VA,Virginia,Children Available for Adoption - Virginia Department of Social Services,https://www.dss.virginia.gov/family/ap/children_for_adoption.cgi,Virginia Department of Social Services,Foster Care,https://www.dss.virginia.gov/family/fc/index.cgi,The Heart Gallery - Paths for Families,https://pathsforfamilies.org/the-heart-gallery/,False,Bethany Christian Services of Virginia,https://www.dss.virginia.gov/facility/search/cpa.cgi?rm=Details;ID=26867;,christian_ministry,Christian child-placing agency providing foster care and adoption services in Virginia.,"People Places, Inc.",https://peopleplaces.org,placement_agency,Licensed nonprofit child-placing agency offering treatment foster care in Shenandoah Valley and Central Piedmont regions of Virginia.,Virginia CASA,https://virginiacasa.org,casa_gal,Recruits and trains volunteers to advocate for abused and neglected children in Virginia juvenile court proceedings.,,,,,DSS photolisting page active but no children listed in fetch (may require JS/cookies); Heart Gallery covers VA/MD/DC; Bethany verified via official DSS licensing page.
TX|Texas,TX,Texas,Texas Adoption Resource Exchange (TARE),https://www.adoptchildren.org,Texas Department of Family and Protective Services,Get Started,https://www.dfps.texas.gov/Adoption_and_Foster_Care/Get_Started/,Heart Galleries of Texas,https://heartgallerytexas.org,False,Christian Homes & Family Services,https://christianhomes.com,christian_ministry,Christian foster-to-adopt ministry providing homes for children in East and West Texas foster care.,Buckner Children and Family Services,https://www.buckner.org,placement_agency,Private child-placing agency contracting with DFPS for foster care and adoption services statewide.,Texas CASA,https://texascasa.org,casa_gal,Statewide organization supporting local CASA programs advocating for abused and neglected children in court.,,,,,"TARE photolisting requires family account for full profiles; confirmed via DFPS pages [DFPS TARE](https://www.dfps.texas.gov/Adoption_and_Foster_Care/About_TARE/), [DFPS Contact](https://www.dfps.texas.gov/Adoption_and_Foster_Care/About_TARE/contact.asp). Buckner URL assumed from knowledge, verified in DFPS agency list [DFPS Agencies](https://www.dfps.texas.gov/adoption_and_foster_care/adoption_partners/private.asp). Heart Gallery is statewide coordinator with local chapters."
NC|North Carolina,NC,North Carolina,AdoptUSKids North Carolina page,https://adoptuskids.org/adoption-and-foster-care/how-to-adopt-and-foster/state-information/north-carolina,"North Carolina Department of Health and Human Services, Division of Social Services",Foster Care,https://www.ncdhhs.gov/divisions/social-services/child-welfare-services/foster-family-recruitment/foster-care,Heart Gallery of America,https://heartgalleryofamerica.org/galleries/northcarolina/,True,Bethany Christian Services,https://bethany.org/locations/us/north-carolina,christian_ministry,Christian foster care and adoption services with offices in Raleigh and Charlotte providing family support and placements.,Seven Homes,https://www.7homes.org,placement_agency,"Christian faith-centered foster care agency offering training, support, and placements for children in NC foster care.",Foster Family Alliance of NC,https://www.ffa-nc.org,advocacy,"Family-led nonprofit advocating for foster, kinship, and adoptive families statewide through education and policy work.",,,,,"No dedicated state-run photolisting site found; using AdoptUSKids state page. NC Kids program mentioned but no direct photolist. Heart Gallery NC is event-based, no active chapter site; using national fallback. No CASA state chapter site identified with foster focus."
KY|Kentucky,KY,Kentucky,KY FACES Waiting Children,https://prd.webapps.chfs.ky.gov/kyfaces,"Kentucky Cabinet for Health and Family Services, Department for Community Based Services",Foster & Adoption Certification Requirements,https://prd.webapps.chfs.ky.gov/kyfaces/Home/FosterAndAdoptionCertification,Heart Gallery of America,https://heartgalleryofamerica.org/,True,Sunrise Children's Services,https://www.sunrise.org/,christian_ministry,Christ-centered foster care agency providing therapeutic foster homes and support for children in foster care across Kentucky.,SAFY of Kentucky,https://www.safy.org/kentucky,placement_agency,Private foster care agency offering trauma-informed foster care services throughout multiple locations in Kentucky.,Kentucky CASA Network,https://kynonprofits.org/nonprofit-members/Details/kentucky-casa-network-602514,casa_gal,"Statewide association providing resources, technical assistance, and advocacy support to local CASA programs serving abused/neglected children in foster care.",,,,,No state-specific Heart Gallery chapter found; used national Heart Gallery of America as fallback. KY FACES site promotes foster/adoption but no direct photolisting visible on home/FAQs; used as semi-official based on multiple sources. State agency page is specific certification requirements on official KY site. CASA Network page from KY Nonprofits directory; confirmed active via LinkedIn profiles.
OH|Ohio,OH,Ohio,Ohio Adoption Photolist,https://fosterandadopt.dcy.ohio.gov/adoption/adoption-photolist/adoption-photolist-app,Ohio Department of Children and Youth,How to Become a Foster Parent in Ohio,https://fosterandadopt.dcy.ohio.gov/foster-care/becoming-a-foster-parent/how-to-become-a-foster-parent-in-ohio,Heart Gallery of America,https://heartgalleryofamerica.org/,True,Ohio CASA/GAL Association,https://ohiocasa.org/,casa_gal,State association supporting local CASA/GAL programs advocating for abused and neglected children in Ohio courts.,Bethany Christian Services,https://bethany.org/,christian_ministry,"Christian organization providing foster care and adoption services across Ohio, supporting families and children in need.",Pathway Caring for Children,https://www.pathwaycfc.org/,placement_agency,Private foster care agency serving 14 Northeast Ohio counties with traditional and treatment foster placements.,OhioGuidestone,https://ohioguidestone.org/services/family-mental-health-services/foster-care/,placement_agency,"Provides foster care services statewide for medically fragile children, teens, and sibling groups in Ohio.",No state-wide local Heart Gallery chapter found; using national Heart Gallery of America as fallback. Photolisting is state-run adoption profiles (non-photo). Ohio foster licensing handled by county PCSAs under DCY supervision. All URLs verified live via fetches/searches as of April 2026.
NY|New York,NY,New York,Heart Gallery New York,https://www.heartgallerynewyork.org/,New York State Office of Children and Family Services,Requirements to Become a Foster Parent,https://ocfs.ny.gov/programs/fostercare/requirements.php,Heart Gallery New York,https://www.heartgallerynewyork.org/,False,Bethany Christian Services,https://bethany.org/help-a-child/foster-care,christian_ministry,"Provides foster care services, training, and support for families across New York to care for children in crisis.",JCCA,https://www.jccany.org/our-programs/foster-care/,placement_agency,"Large NYC foster care agency placing children with families, offering training, support, and programs like Child Success NYC.",CASA of New York State,https://www.casanys.org,casa_gal,Recruits and supports CASA volunteers advocating for abused/neglected children in foster care across NY.,Adoptive and Foster Family Coalition of New York (AFFCNY),https://affcny.org,advocacy,"Provides support, resources, training, advocacy, and 24/7 helpline for foster, adoptive, and kinship families statewide.","OCFS child photolisting referenced but direct page not found (photolisting.asp 404); Heart Gallery New York is OCFS project and semi-official. State foster licensing via local districts per OCFS guidance. Heart Gallery NYC active but NYC-focused; used state version.[OCFS Disclaimer](https://ocfs.ny.gov/programs/adoption/disclaimer.php), [Heart Gallery NY](https://www.heartgallerynewyork.org/), [OCFS Requirements](https://ocfs.ny.gov/programs/fostercare/requirements.php)"
SD|South Dakota,SD,South Dakota,AdoptUSKids South Dakota page,https://www.adoptuskids.org/meet-the-children/children-in-foster-care/state-statistics/south-dakota,South Dakota Department of Social Services,Foster Parenting,https://dss.sd.gov/childprotection/fostercare/,South Dakota Heart Gallery,https://heartgalleryofamerica.org/galleries/southdakota/,True,Lutheran Social Services,https://lsssd.org/,placement_agency,"Private agency contracted by state for foster parent training, inquiry, and home studies in South Dakota.",Bethany Christian Services Sioux Falls,https://bethany.org/location/sioux-falls-south-dakota,christian_ministry,"Christian organization providing foster care, adoption, and pregnancy services in South Dakota.",South Dakota CASA,https://sdcasa.org,casa_gal,Statewide CASA programs appointing advocates for abused and neglected children in court.,Children's Home Society of South Dakota,https://chssd.org/,placement_agency,"Provides foster care, adoption, residential treatment, and Wendy's Wonderful Kids recruitment for waiting children in SD.",No state-run photolisting; DSS directs to AdoptUSKids. Heart Gallery page lists contact but no photos. Stronger Families Together (sd.gov) is key recruitment site. URLs verified via search snippets and fetches where possible.
NE|Nebraska,NE,Nebraska,Nebraska Department of Health and Human Services Children Available for Adoption,https://dhhs.ne.gov/Pages/Children-Available-for-Adoption.aspx,Nebraska Department of Health and Human Services,Foster Care,https://dhhs.ne.gov/Pages/Foster-Care.aspx,Nebraska Heart Gallery,https://www.nebraskaheartgallery.org/,False,Bethany Christian Services,https://www.bethany.org/,christian_ministry,Christian organization providing foster care and adoption services in Nebraska through licensed child placing agency.,Child Saving Institute,https://childsaving.org/,placement_agency,Licensed child placing agency offering foster care and adoption services for Nebraska children.,Christian Heritage,https://christianheritage.org/,christian_ministry,Christian children's home providing foster care and adoption services in Nebraska.,,,,,"No public photolisting found; DHHS page requires home study to inquire. Nebraska Heart Gallery site live but inactive (no listings, management ended). No AdoptUSKids state page listed. Org 3 URL assumed from searches, verify live. Limited CASA state site found; used placement agencies instead for variety. Heart Gallery not fallback as local chapter listed on official sources [DHHS Foster Care](https://dhhs.ne.gov/Pages/Foster-Care.aspx), [Heart Gallery of America](https://heartgalleryofamerica.org/galleries/nebraska/)."
WV|West Virginia,WV,West Virginia,Mission West Virginia Heart Gallery,https://heartgalleryofamerica.org/galleries/westvirginia/,"West Virginia Department of Human Services, Bureau for Children and Families",Foster Care Coalition Recruitment Campaign,https://dhhr.wv.gov/News/2024/Pages/Foster-Care-Coalition-Launches-Statewide-Recruitment-Campaign-to-Address-Foster-Parent-Shortage.aspx,Mission West Virginia Heart Gallery,https://heartgalleryofamerica.org/galleries/westvirginia/,False,Bethany Christian Services Martinsburg,https://www.bethany.org/martinsburg,christian_ministry,"Christian foster care and adoption agency with office in Martinsburg, WV contracting for domestic placements.",Children's Home Society of West Virginia,https://childhswv.org,placement_agency,"Statewide private agency providing foster care, adoption, and counseling services throughout WV.",TEAM for West Virginia Children - Western Regional CASA,https://teamwv.org/western-regional-casa/,casa_gal,Regional CASA program recruiting volunteer advocates for abused and neglected children in court.,Burlington United Methodist Family Services,http://www.bumfs.org/,placement_agency,"Faith-based agency offering foster care, adoption, and kinship support services in northern WV.","No active state-run photolisting found; Mission WV (state partner) Heart Gallery used, page lists sponsor/contact but no photos. State .gov lacks dedicated foster recruitment page, uses news linking to wefosterwv.org (Mission WV); policy confirms BCF handles licensing mainly for kinship, private agencies for general foster. adoptwvchild.org not resolving. Heart Gallery local via Mission WV."
IN|Indiana,IN,Indiana,Indiana's Waiting Children - Indiana Adoption Program,https://www.indianaadoptionprogram.org/indianas-waiting-children/,Indiana Department of Child Services,Foster/Relative Licensing and Placement Forms,https://www.in.gov/dcs/foster-and-kinship-care/foster-care/fosterrelative-licensing-and-placement-forms/,Heart Gallery of America,https://heartgalleryofamerica.org/,True,Lifeline Youth & Family Services,https://lifelineyouth.org,christian_ministry,"Provides adoption & guardianship support, family preservation, and home-based services for foster and kinship families across Indiana communities.",Catholic Charities Diocese of Fort Wayne-South Bend,https://www.ccfwsb.org/adoption-pregnancy-counseling,placement_agency,"Licensed child-placing agency offering foster care, adoption services, and support for children in northern Indiana counties.",Indiana State Office of GAL/CASA,https://www.in.gov/courts/iocs/galcasa/,casa_gal,State office overseeing GAL/CASA programs that provide court advocates for abused and neglected children statewide.,,,,,No dedicated local Heart Gallery chapter found with live website; used national fallback. State agency page is forms list as specific foster recruitment page not clearly identified. Photolisting confirmed via DCS references. Org 1 assumed Christian based on name similarity to Lifeline Christian Services.
UT|Utah,UT,Utah,Utah's Adoption Connection Heart Gallery,https://www.utahadopt.org/building-your-family/heart-gallery,Utah Division of Child and Family Services,Foster Care,https://dcfs.utah.gov/services/foster-care/,Utah Heart Gallery,https://www.utahadopt.org/building-your-family/heart-gallery,False,Utah Foster Care Foundation,https://utahfostercare.org/,placement_agency,"State-contracted agency for recruiting, training, and supporting foster and adoptive families statewide.",Utah CASA,https://www.utahcasa.org,casa_gal,Statewide Court Appointed Special Advocate program advocating for abused and neglected children in court.,Bethany Christian Services,https://bethany.org/,christian_ministry,"Christian organization providing foster care, adoption, and family support services with presence in Utah.",,,,,Heart Gallery page appears to have older photos (e.g. photographers like Bry Cox); Utah's Adoption Connection partners with DCFS. No direct AdoptUSKids state page found; used semi-official partner photolisting. State agency directs to Utah Foster Care for recruitment. Bethany used as Christian ministry; local chapter not distinctly separate.
WY|Wyoming,WY,Wyoming,Raise the Future Wyoming Waiting Children,https://www.raisethefuture.org/waiting-children,Wyoming Department of Family Services,Wyoming Foster Care Frequently Asked Questions,https://dfs.wyo.gov/services/child-youth-services/foster-care-foster-care-training/wyoming-foster-care-frequently-asked-questions/,Heart Gallery of America,https://heartgalleryofamerica.org/,True,Bethany Christian Services Wyoming,https://www.bethany.org/,christian_ministry,Christian organization providing foster care and adoption services in Wyoming through local office in Cheyenne.,Catholic Charities of Wyoming,http://www.charitieswyoming.org,placement_agency,Provides foster care and adoption services for children in Wyoming.,CASA of Natrona County,https://www.casaofnatronacounty.net,casa_gal,"Court Appointed Special Advocates for abused and neglected children in foster care in Natrona County, Wyoming.",Wyoming Children's Society,https://www.wyomingcs.org/,placement_agency,Private agency offering waiting child adoption and foster care services in Wyoming.,No state-run photolisting; using regional Raise the Future as recommended by DFS. No local Heart Gallery; national fallback. No single state CASA; used county-level. Bethany Wyoming contact from official directory [Heart Gallery of America directory](https://heartgalleryofamerica.org/adoption/state-links/wy-directory/). Catholic Charities URL from directory. All URLs live per searches.
AK|Alaska,AK,Alaska,Heart Gallery of Alaska,https://www.heartgalleryak.com,"Alaska Department of Family and Community Services, Office of Children's Services",Requirements to Become a Foster Parent,https://dfcs.alaska.gov/ocs/Pages/fostercare/ready.aspx,Heart Gallery of Alaska,https://www.heartgalleryak.com,False,Royal Family KIDS Camp Anchorage,https://www.royalfamilykidsanchorage.org,christian_ministry,"Christian camp ministry providing trauma-informed summer camps for abused and neglected foster children in Alaska, mobilizing church communities.",Alaska CASA,https://www.alaskacasa.org/,casa_gal,Recruits and trains community volunteers to serve as court-appointed advocates for abused and neglected children in Alaska's child welfare system.,Facing Foster Care in Alaska (FFCA),https://www.ffcalaska.org,advocacy,"Statewide network of current and former foster youth leading advocacy, training, peer support, and basic needs assistance for foster kids in Alaska.",,,,,"Heart Gallery of Alaska site live but no visible child profiles on homepage (may require navigation/orientation); state-endorsed on official DFCS site. No specific private placement agency names found in official lists; ACRF is recruitment partner, not placement. No Bethany/Lifeline chapter in AK."
